﻿<parameters>
  <parameter name="IIS Web Application Name" defaultValue="Default Web Site/MAPS_deploy" tags="IisApp">
    <parameterEntry kind="ProviderPath" scope="IisApp" match="^E:\\Work\\MAPS\\MAPS\\obj\\Debug\\Package\\PackageTmp$" />
    <parameterEntry kind="ProviderPath" scope="setAcl" match="^E:\\Work\\MAPS\\MAPS\\obj\\Debug\\Package\\PackageTmp$" />
  </parameter>
  <parameter name="DatabaseManagerCS-Web.config Connection String" description="DatabaseManagerCS Connection String used in web.config by the application to access the database." defaultValue="Data Source=192.168.1.9;Initial Catalog=MAPS;User ID=ros;Password=ptpl123!;" tags="SqlConnectionString">
    <parameterEntry kind="XmlFile" scope="E:\\Work\\MAPS\\MAPS\\obj\\Debug\\Package\\PackageTmp\\Web\.config$" match="/configuration/connectionStrings/add[@name='DatabaseManagerCS']/@connectionString" />
  </parameter>
  <parameter name="DefaultCS-Web.config Connection String" description="DefaultCS Connection String used in web.config by the application to access the database." defaultValue="metadata=res://*/Model1.csdl|res://*/Model1.ssdl|res://*/Model1.msl;provider=System.Data.SqlClient;provider connection string=&quot;Data Source=192.168.1.9;Initial Catalog=MAPS;Persist Security Info=True;User ID=ros;Password=ptpl123!;MultipleActiveResultSets=True&quot;" tags="SqlConnectionString">
    <parameterEntry kind="XmlFile" scope="E:\\Work\\MAPS\\MAPS\\obj\\Debug\\Package\\PackageTmp\\Web\.config$" match="/configuration/connectionStrings/add[@name='DefaultCS']/@connectionString" />
  </parameter>
</parameters>